{
  "items": [
    {
      "id": 1,
      "name": "milk",
      "category": "dairy",
      "quantity": 1,
      "unit": "ltr",
      "meta": {
        "brand": "generic",
        "price": 1.5
      },
      "addedAt": "2025-08-01T10:00:00Z"
    },
    {
      "id": 2,
      "name": "bread",
      "category": "bakery",
      "quantity": 1,
      "unit": "loaf",
      "meta": {
        "brand": "generic",
        "price": 1.0
      },
      "addedAt": "2025-08-03T12:00:00Z"
    }
  ],
  "history": [
    {
      "name": "milk",
      "timestamp": "2025-08-01T10:00:00Z"
    },
    {
      "name": "bread",
      "timestamp": "2025-08-03T12:00:00Z"
    }
  ]
}